CREATE SEQUENCE  "DIMENSION_SEQ"  MINVALUE 1 MAXVALUE 9999999999999999999999999999 INCREMENT BY 1 START WITH 501 CACHE 20 NOORDER  NOCYCLE ;
CREATE SEQUENCE  "ESTADISTICA_SEQ"  MINVALUE 1 MAXVALUE 9999999999999999999999999999 INCREMENT BY 1 START WITH 521 CACHE 20 NOORDER  NOCYCLE ;
CREATE SEQUENCE  "HIBERNATE_SEQUENCE"  MINVALUE 1 MAXVALUE 9999999999999999999999999999 INCREMENT BY 1 START WITH 1 CACHE 20 NOORDER  NOCYCLE ;
CREATE SEQUENCE  "METRICA_SEQ"  MINVALUE 1 MAXVALUE 9999999999999999999999999999 INCREMENT BY 1 START WITH 441 CACHE 20 NOORDER  NOCYCLE ;
CREATE SEQUENCE  "NIVEL_SEQ"  MINVALUE 1 MAXVALUE 9999999999999999999999999999 INCREMENT BY 1 START WITH 461 CACHE 20 NOORDER  NOCYCLE ;
CREATE SEQUENCE  "TABULACION_SEQ"  MINVALUE 1 MAXVALUE 9999999999999999999999999999 INCREMENT BY 1 START WITH 341 CACHE 20 NOORDER  NOCYCLE ;
CREATE SEQUENCE  "TABVARIABLES_SEQ"  MINVALUE 1 MAXVALUE 9999999999999999999999999999 INCREMENT BY 1 START WITH 1 CACHE 20 NOORDER  NOCYCLE ;


INSERT INTO DIMENSIONES (ID_DIMENSION,NOMBRE,DESCRIPCION,PARAM_VALOR,ROL) VALUES ('3','dim_cnae','Dimension cnae','cnae',null);
INSERT INTO DIMENSIONES (ID_DIMENSION,NOMBRE,DESCRIPCION,PARAM_VALOR,ROL) VALUES ('4','dim_cuci','Dimension cuci','cuci',null);
INSERT INTO DIMENSIONES (ID_DIMENSION,NOMBRE,DESCRIPCION,PARAM_VALOR,ROL) VALUES ('1','dim_tiempo_mes','Dimension temporal','t','time');
INSERT INTO DIMENSIONES (ID_DIMENSION,NOMBRE,DESCRIPCION,PARAM_VALOR,ROL) VALUES ('2','dim_ambito_geografico','Dimension geografica','geo','geo');

INSERT INTO ESTADISTICAS (ID_ESTADISTICA,CUBO,PARAM_VALUE) VALUES ('1','comercio_exterior','Comest01');


INSERT INTO IDIOMAS (ID_IDIOMA,DESCRIPCION,PARAM_VALUE,POR_OMISION) VALUES ('2','Español','es','0');
INSERT INTO IDIOMAS (ID_IDIOMA,DESCRIPCION,PARAM_VALUE,POR_OMISION) VALUES ('3','Inglés','en','0');
INSERT INTO IDIOMAS (ID_IDIOMA,DESCRIPCION,PARAM_VALUE,POR_OMISION) VALUES ('4','Francés','fr','0');
INSERT INTO IDIOMAS (ID_IDIOMA,DESCRIPCION,PARAM_VALUE,POR_OMISION) VALUES ('5','Occitano','oc','0');
INSERT INTO IDIOMAS (ID_IDIOMA,DESCRIPCION,PARAM_VALUE,POR_OMISION) VALUES ('1','Catalán','ca','1');

INSERT INTO METRICAS (ID_METRICA,ID_ESTADISTICA,NOMBRE,TABLA,CAT_ETIQUETA,UNIDAD_ETIQUETA,NUM_DECIMALES,SIMBOLO_ETIQUETA,SECRETO_LIMSUP) VALUES ('2','1','pes_i','fact_master','importacion','ventas','1','EUR','125000');
INSERT INTO METRICAS (ID_METRICA,ID_ESTADISTICA,NOMBRE,TABLA,CAT_ETIQUETA,UNIDAD_ETIQUETA,NUM_DECIMALES,SIMBOLO_ETIQUETA,SECRETO_LIMSUP) VALUES ('1','1','pes_e','fact_master','exportacion','ventas','0','EUR',null);


INSERT INTO NIVELES (ID_NIVEL,ID_DIMENSION,NOMBRE,COL_VALOR_COD,COL_VALOR_DESC,PARAM_VALOR,POSICION_JERARQUIA) VALUES ('6','3','cnae','cnae_n4','descr_cat_n4','4','2');
INSERT INTO NIVELES (ID_NIVEL,ID_DIMENSION,NOMBRE,COL_VALOR_COD,COL_VALOR_DESC,PARAM_VALOR,POSICION_JERARQUIA) VALUES ('7','3','cnae','cnae_n5','descr_cat_n5','5','1');
INSERT INTO NIVELES (ID_NIVEL,ID_DIMENSION,NOMBRE,COL_VALOR_COD,COL_VALOR_DESC,PARAM_VALOR,POSICION_JERARQUIA) VALUES ('8','4','cuci','cuci_n1','descr_ca_n1','1','1');
INSERT INTO NIVELES (ID_NIVEL,ID_DIMENSION,NOMBRE,COL_VALOR_COD,COL_VALOR_DESC,PARAM_VALOR,POSICION_JERARQUIA) VALUES ('1','1','cod_mes','cod_mes','des_mes','mes','1');
INSERT INTO NIVELES (ID_NIVEL,ID_DIMENSION,NOMBRE,COL_VALOR_COD,COL_VALOR_DESC,PARAM_VALOR,POSICION_JERARQUIA) VALUES ('2','2','pais','id_pais','pais_desc_cat','pais','3');
INSERT INTO NIVELES (ID_NIVEL,ID_DIMENSION,NOMBRE,COL_VALOR_COD,COL_VALOR_DESC,PARAM_VALOR,POSICION_JERARQUIA) VALUES ('3','2','ca','ca_cod','ca_desc_cat','cat','2');
INSERT INTO NIVELES (ID_NIVEL,ID_DIMENSION,NOMBRE,COL_VALOR_COD,COL_VALOR_DESC,PARAM_VALOR,POSICION_JERARQUIA) VALUES ('4','2','provincia','provincia_cod','provincia_desc_cat','prov','1');
INSERT INTO NIVELES (ID_NIVEL,ID_DIMENSION,NOMBRE,COL_VALOR_COD,COL_VALOR_DESC,PARAM_VALOR,POSICION_JERARQUIA) VALUES ('5','1','anyo','cod_anyo','des_anyo','anyo','2');

INSERT INTO TABULACIONES (ID_TABULACION,DESCRIPCION,ID_ESTADISTICA,SECRETO_ESTADISTICO) VALUES ('1','Estadística prueba 1','1','0');
INSERT INTO TABULACIONES (ID_TABULACION,DESCRIPCION,ID_ESTADISTICA,SECRETO_ESTADISTICO) VALUES ('2','Estadística prueba 2','1','0');

INSERT INTO MODELOS_VARIABLES (ID_MODELO_VARIABLE,ID_ESTADISTICA,ID_NIVEL,POSICION_JERARQUIA) VALUES ('8','1','8','1');
INSERT INTO MODELOS_VARIABLES (ID_MODELO_VARIABLE,ID_ESTADISTICA,ID_NIVEL,POSICION_JERARQUIA) VALUES ('1','1','1','1');
INSERT INTO MODELOS_VARIABLES (ID_MODELO_VARIABLE,ID_ESTADISTICA,ID_NIVEL,POSICION_JERARQUIA) VALUES ('2','1','2','3');
INSERT INTO MODELOS_VARIABLES (ID_MODELO_VARIABLE,ID_ESTADISTICA,ID_NIVEL,POSICION_JERARQUIA) VALUES ('3','1','3','2');
INSERT INTO MODELOS_VARIABLES (ID_MODELO_VARIABLE,ID_ESTADISTICA,ID_NIVEL,POSICION_JERARQUIA) VALUES ('4','1','4','1');
INSERT INTO MODELOS_VARIABLES (ID_MODELO_VARIABLE,ID_ESTADISTICA,ID_NIVEL,POSICION_JERARQUIA) VALUES ('5','1','5','2');
INSERT INTO MODELOS_VARIABLES (ID_MODELO_VARIABLE,ID_ESTADISTICA,ID_NIVEL,POSICION_JERARQUIA) VALUES ('6','1','6','1');
INSERT INTO MODELOS_VARIABLES (ID_MODELO_VARIABLE,ID_ESTADISTICA,ID_NIVEL,POSICION_JERARQUIA) VALUES ('7','1','7','2');

INSERT INTO ESTADISTICA_IDIOMA (ESTADISTICAS_ID_ESTADISTICA,IDIOMAS_ID_IDIOMA) VALUES ('1','1');
INSERT INTO ESTADISTICA_IDIOMA (ESTADISTICAS_ID_ESTADISTICA,IDIOMAS_ID_IDIOMA) VALUES ('1','2');

INSERT INTO TABULACIONES_VARIABLES (ID_TABVARIABLE,ID_TABULACION,ID_MODELO_VARIABLE,POSICION_TABULACION,ID_DIMENSION) VALUES ('1','1','1','1','1');
INSERT INTO TABULACIONES_VARIABLES (ID_TABVARIABLE,ID_TABULACION,ID_MODELO_VARIABLE,POSICION_TABULACION,ID_DIMENSION) VALUES ('2','1','3','2','2');
INSERT INTO TABULACIONES_VARIABLES (ID_TABVARIABLE,ID_TABULACION,ID_MODELO_VARIABLE,POSICION_TABULACION,ID_DIMENSION) VALUES ('3','1','7','3','3');
INSERT INTO TABULACIONES_VARIABLES (ID_TABVARIABLE,ID_TABULACION,ID_MODELO_VARIABLE,POSICION_TABULACION,ID_DIMENSION) VALUES ('4','2','1','1','1');
INSERT INTO TABULACIONES_VARIABLES (ID_TABVARIABLE,ID_TABULACION,ID_MODELO_VARIABLE,POSICION_TABULACION,ID_DIMENSION) VALUES ('5','2','4','2','2');
INSERT INTO TABULACIONES_VARIABLES (ID_TABVARIABLE,ID_TABULACION,ID_MODELO_VARIABLE,POSICION_TABULACION,ID_DIMENSION) VALUES ('6','2','6','3','3');
INSERT INTO TABULACIONES_VARIABLES (ID_TABVARIABLE,ID_TABULACION,ID_MODELO_VARIABLE,POSICION_TABULACION,ID_DIMENSION) VALUES ('7','2','8','4','4');
